﻿<?xml version="1.0"?>
<doc>
<assembly>
<name>
Unico.Oi.Tlv.Fibra
</name>
</assembly>
<members>
<member name="T:Unico.Oi.Tlv.Fibra.My.Resources.Resources">
<summary>
  A strongly-typed resource class, for looking up localized strings, etc.
</summary>
</member>
<member name="P:Unico.Oi.Tlv.Fibra.My.Resources.Resources.ResourceManager">
<summary>
  Returns the cached ResourceManager instance used by this class.
</summary>
</member>
<member name="P:Unico.Oi.Tlv.Fibra.My.Resources.Resources.Culture">
<summary>
  Overrides the current thread's CurrentUICulture property for all
  resource lookups using this strongly typed resource class.
</summary>
</member>
<member name="M:Unico.Oi.Tlv.Fibra.ICEFSharpHandler.GetValue(System.String,System.String,System.String)">
 <summary>
 Obtém um valor a um campo de acordo com a tag e o critério selecionado.
 </summary>
 <param name="TagName">A Tag HTML do campo com o valor à ser atribuído. Ex.: input </param>
 <param name="Attribute">O Atributo para localização do elemento com o valor à ser atribuído. Ex.: id/name</param>
 <param name="AttributeValue">O Valor do atributo para localização do elemento com o valor à ser atribuído. Ex.: fieldID</param>
 <returns></returns>
</member>
<member name="M:Unico.Oi.Tlv.Fibra.ICEFSharpHandler.SetValue(System.String,System.String,System.String,System.String)">
 <summary>
 Atribui um valor a um campo de acordo com a tag e o critério selecionado.
 </summary>
 <param name="TagName">A Tag HTML do campo com o valor à ser atribuído. Ex.: input </param>
 <param name="Attribute">O Atributo para localização do elemento com o valor à ser atribuído. Ex.: id/name</param>
 <param name="AttributeValue">O Valor do atributo para localização do elemento com o valor à ser atribuído. Ex.: fieldID</param>
 <returns></returns>
</member>
<member name="M:Unico.Oi.Tlv.Fibra.IRequestsGeoSite.GeoSiteConsultarCobertura(System.String,System.String,System.String,System.String,System.String)">
 <summary>
 
 </summary>
 <param name="paramCep"></param>
 <param name="paramNumero"></param>
 <param name="paramIdLogradouro">geoConsultaCep.id</param>
 <param name="paramIdUf">geoConsultaCep.uf</param>
 <param name="paramIdBairro">geoConsultaCep.bairro</param>
</member>
<member name="M:Unico.Oi.Tlv.Fibra.FrmPrincipal.IsAllChecked(System.Windows.Forms.Control)">
 <summary>
 Função com o propósito de identificar se todos os itens do roteiro dinâmico estão checados através da tag
 </summary>
 <param name="c">Recebe o controle que contém os itens que a seleção será verificada</param>
 <returns>Retorna True caso todos os controles tenham a tag "Checked"</returns>
</member>
</members>
</doc>
